day,BI_mean,BI_std,NDSI_mean,NDSI_std,SC_mean,SC_std,BI_day,BI_night,NDSI_day,NDSI_night,SC_day,SC_night,sensor_name,rms_db,Zona,Plataforma,Tipo de cobertura,Apertura vegetación,Categoria experimental
2024-12-18,103.5232516130135,31.26055635965327,0.9642857310678083,0.10297623963426855,0.29375213600133554,0.2089508178883859,91.47831445270883,115.56818877331818,0.9671595024346048,0.961411959701012,0.16867341533830324,0.41883085666436787,GP07,-38.047100528323895,Norte,I,vegetación secundaria,semicerrado,control
2024-12-19,86.63018520819419,17.50517215311911,0.949500265304832,0.09093934119967162,0.28722451227787404,0.22567092029989574,90.10452174909231,83.1558486672961,0.9797698453084783,0.9192306853011858,0.13705083515649147,0.4373981893992566,GP07,-36.21636328344013,Norte,I,vegetación secundaria,semicerrado,control
2024-12-20,106.89180086104851,30.734297808859083,0.9710796587073086,0.0536029320295455,0.24722396307241556,0.15749161757712052,83.85426377259962,129.9293379494974,0.9648519829802472,0.97730733443437,0.1319211541997027,0.3625267719451284,GP07,-39.57431806299991,Norte,I,vegetación secundaria,semicerrado,control
2024-12-21,116.6967980895523,28.755357326951348,0.9789219338695118,0.03571278853633998,0.2946859309586097,0.1699623700633491,92.15613967150317,141.23745650760145,0.9702973720955431,0.9875464956434804,0.20919123013573382,0.38018063178148553,GP07,-39.86244141346096,Norte,I,vegetación secundaria,semicerrado,control
2024-12-22,107.92086426247613,27.293010863197022,0.9863972581738842,0.024927564783302596,0.2655612340777762,0.15941883080022096,87.20722190935986,128.63450661559241,0.9854918807163742,0.9873026356313943,0.15387527820825575,0.37724718994729667,GP07,-35.57232986751562,Norte,I,vegetación secundaria,semicerrado,control
2024-12-25,113.4369576544139,37.581226799992294,0.9591411057793741,0.08200941565606558,0.37454171572367945,0.25434688329058514,92.28082715637385,134.593088152454,0.9707151738147681,0.9475670377439802,0.15427785892033488,0.5948055725270239,GP07,-38.2672948215449,Norte,I,vegetación secundaria,semicerrado,control
2024-12-26,123.26029015509182,31.119430077542905,0.9860306032449321,0.025718099211061683,0.3217361389719981,0.19165481615142305,97.05787328264417,149.4627070275395,0.9769027581384816,0.9951584483513826,0.1619036932537466,0.48156858469024955,GP07,-41.416751163154295,Norte,I,vegetación secundaria,semicerrado,control
2024-12-18,99.99863927802573,28.935012127815124,0.9476581542702144,0.10001016819726322,0.4789646297116948,0.24908888353867029,89.31131582421153,110.68596273183992,0.9130059737211708,0.9823103348192578,0.3710667347273537,0.5868625246960358,G043,-30.37510471079333,Norte,J,bosque denso,cerrado,control
2024-12-19,92.81694067981614,19.34638374870987,0.942320585298841,0.07949520926581785,0.4851956169325433,0.2621923790776487,90.1817707331718,95.45211062646051,0.9155881808992032,0.9690529896984788,0.3668442989414174,0.6035469349236692,G043,-30.676280847294827,Norte,J,bosque denso,cerrado,control
2024-12-20,97.3449326261392,25.45184863031478,0.9495580671943841,0.07834419795497179,0.42281431399838404,0.23916868856993087,77.44513012662595,117.24473512565244,0.9119985769563709,0.9871175574323973,0.2598396397264565,0.5857889882703117,G043,-30.742810060658226,Norte,J,bosque denso,cerrado,control
2024-12-21,102.44896665158012,23.222338430487728,0.9525827220071957,0.0783361857387831,0.5393979090735382,0.21644616695970378,87.90738575809262,116.99054754506766,0.9114311844188049,0.9937342595955867,0.4620300177930914,0.6167658003539852,G043,-31.386693577875754,Norte,J,bosque denso,cerrado,control
2024-12-22,99.5670426334162,24.317465084321377,0.9516255851301669,0.0930487902431884,0.48516520668334967,0.24144991047446723,87.52798148559953,111.60610378123289,0.9141091357490828,0.989142034511251,0.3732206544373033,0.597109758929396,G043,-32.55582713681221,Norte,J,bosque denso,cerrado,control
2024-12-25,101.65266429670305,28.863515793662494,0.9138606158276982,0.12451418396712892,0.5482968111703438,0.21804159414783325,87.95757462816596,115.34775396524016,0.8881903297342525,0.9395309019211436,0.3787839819056468,0.7178096404350406,G043,-30.72657099282703,Norte,J,bosque denso,cerrado,control
2024-12-26,107.6541262077185,24.582153153599062,0.9408373344900602,0.08973590030157186,0.4985685977305772,0.20416484883700656,89.01023468063285,126.29801773480416,0.8937987608186369,0.9878759081614837,0.34353304017124714,0.6536041552899072,G043,-33.16177814704816,Norte,J,bosque denso,cerrado,control
2024-12-18,106.43731230008628,28.969480079459373,0.9871331611917092,0.03770648240790226,0.3881089115213982,0.19857772106172228,90.81591127480478,122.05871332536778,0.9876763376406023,0.9865899847428162,0.23577674404782192,0.5404410789949744,G071,-36.52832770753559,Sur,A,bosque denso,cerrado,control
2024-12-19,87.7701849094841,15.657193147870343,0.9751936739199243,0.05021202506349523,0.4268483094523649,0.25188764058847224,81.78779068788518,93.75257913108304,0.9833578881323,0.9670294597075486,0.22807624982118038,0.6256203690835495,G071,-31.434479017149556,Sur,A,bosque denso,cerrado,control
2024-12-20,105.94235403269384,29.656797216705684,0.9960614811138147,0.005078121483011275,0.3478626584282934,0.1880437824428598,81.9978891974066,129.88681886798108,0.9944398898895166,0.9976830723381126,0.19731327815639443,0.4984120387001924,G071,-33.924499472991094,Sur,A,bosque denso,cerrado,control
2024-12-21,123.18668273467297,31.562122045849517,0.9855737120567274,0.033069576333432237,0.3823501208106331,0.14959100777777046,96.909650946054,149.46371452329194,0.9772987537562159,0.993848670357239,0.3050757655880388,0.4596244760332273,G071,-35.95467661026534,Sur,A,bosque denso,cerrado,control
2024-12-22,115.81591591771195,19.10361012063723,0.9898119141083623,0.02976949848136624,0.36072737746964,0.14015111725814466,110.03083257875407,121.60099925666982,0.9964042520892907,0.9832195761274339,0.27423693218783934,0.4472178227514407,G071,-42.28708656738061,Sur,A,bosque denso,cerrado,control
2024-12-25,126.07861160685832,28.983226131320986,0.990538883508656,0.022117036805463317,0.3220270940388336,0.14270633049634304,104.85008836537845,147.3071348483382,0.9961633413719319,0.9849144256453802,0.1935764230321327,0.4504777650455345,G071,-44.12941787390628,Sur,A,bosque denso,cerrado,control
2024-12-26,117.89214229007648,26.292175704643125,0.9869082386805145,0.0383642186044801,0.32962834476890884,0.1620113171857689,94.96445370968046,140.81983087047252,0.9882653711591747,0.985551106201854,0.22549960943770975,0.433757080100108,G071,-36.581619284086706,Sur,A,bosque denso,cerrado,control
2024-12-18,107.01696785826688,29.250613591180905,0.954899911424855,0.060209932676448356,0.3275610310028666,0.21905537035205108,97.96769568280492,116.06624003372883,0.984709797428005,0.925090025421705,0.20058119631225282,0.4545408656934804,G026,-40.12456187703773,Centro,E,bosque denso,cerrado,control
2024-12-19,91.81324783851956,18.64402979638036,0.9642732495401051,0.04922600295548793,0.3492385492118683,0.22908952741539448,97.3731392802231,86.253356396816,0.9938583195378886,0.9346881795423214,0.19097359705684144,0.5075035013668951,G026,-29.770019017412924,Centro,E,bosque denso,cerrado,control
2024-12-20,113.17505986993685,28.507406087231804,0.9665647613853,0.047430194651913477,0.29123553309785966,0.1696598594604348,96.85476851857771,129.495351221296,0.9885937192842903,0.9445358034863095,0.17460206641103115,0.4078689997846881,G026,-41.53888314653489,Centro,E,bosque denso,cerrado,control
2024-12-21,104.60004142422633,27.781931447569665,0.9478975931444387,0.06586592946223967,0.3103088231823557,0.15248815298422558,83.32669122962943,125.87339161882323,0.9483140403585457,0.9474811459303315,0.24123991800085712,0.37937772836385425,G026,-37.06281610392284,Centro,E,bosque denso,cerrado,control
2024-12-22,77.08712471705108,16.905038967729414,0.9235611218232601,0.08938868577456843,0.20154565645494138,0.13129913277120725,65.52603336630152,88.64821606780065,0.9428933666306016,0.9042288770159187,0.084793644425448,0.31829766848443475,G026,-37.01222338975815,Centro,E,bosque denso,cerrado,control
2024-12-25,44.505392002703246,13.132201413476421,0.6959313062756469,0.14704415172466695,0.004928190293718532,0.005343984000060469,39.73483218751854,49.27595181788795,0.7800427037277124,0.6118199088235813,0.002592082234558185,0.007264298352878879,G026,-41.346479859231664,Centro,E,bosque denso,cerrado,control
2024-12-26,65.0029050495146,19.293140834108954,0.6814468728855826,0.25048118574800826,0.05788050105019151,0.07896503782267213,56.317334005266446,73.68847609376274,0.8174909521087237,0.5454027936624414,0.02857204978336245,0.08718895231702058,G026,-37.09215998084379,Centro,E,bosque denso,cerrado,control
2024-12-18,110.42396231534303,35.0703192957679,0.9738538590855947,0.05247570522429148,0.3550132916461625,0.2464863886674586,99.0781116127452,121.76981301794088,0.9858397837969709,0.9618679343742184,0.17294902353600325,0.5370775597563218,G056,-40.31373713990013,Centro,F,bosque denso,cerrado,control
2024-12-19,90.00521431354564,24.295469676668695,0.9132588241342513,0.16015499367481126,0.34966462047571967,0.2553092811108369,97.81957953331113,82.19084909378013,0.9314458331292367,0.8950718151392657,0.15733585530810715,0.5419933856433322,G056,-36.61481577161142,Centro,F,bosque denso,cerrado,control
2024-12-20,116.91879463741849,34.16978224770467,0.9707851427319012,0.06265079622683307,0.3288647019970392,0.21650855899404575,93.72344599231711,140.11414328251985,0.9577664312910977,0.9838038541727049,0.15980032375443257,0.4979290802396459,G056,-45.10804185915599,Centro,F,bosque denso,cerrado,control
2024-12-21,118.0283667772506,36.44169702000286,0.9538208998288292,0.08938058659526993,0.3692233637537799,0.19722081698694488,87.50534274924115,148.55139080526004,0.9417025141938886,0.9659392854637697,0.24220055410023392,0.496246173407326,G056,-43.24304845872221,Centro,F,bosque denso,cerrado,control
2024-12-22,103.57176033183288,21.20767192845967,0.9631982436135614,0.05851402360638254,0.32591231294207806,0.18811585098905598,93.50106125669295,113.64245940697278,0.9866320575042459,0.939764429722877,0.1763524038804507,0.4754722220037055,G056,-43.63037872021109,Centro,F,bosque denso,cerrado,control
2024-12-25,121.95673471299811,36.05272664884269,0.9619716096435451,0.051779931303915165,0.40941076299934354,0.22296515767778896,99.11262280287791,144.80084662311833,0.9770077105646272,0.946935508722463,0.22612868277222598,0.5926928432264612,G056,-44.324600201722134,Centro,F,bosque denso,cerrado,control
2024-12-26,137.21147910966172,28.194794802393293,0.9644996000131436,0.049408057877750405,0.4661106179916212,0.18572439412305383,122.81879873503722,151.60415948428627,0.9606441382439909,0.9683550617822965,0.34830693942220087,0.5839142965610414,G056,-44.40642931850017,Centro,F,bosque denso,cerrado,control
2024-12-18,109.79340030593124,28.733929681495344,0.9875083429665902,0.03671224074528905,0.3730969921604927,0.2083013910100737,98.5259273739836,121.06087323787888,0.9924029710934076,0.9826137148397728,0.2518374346015754,0.49435654971940984,G053,-35.74604045203796,Norte,I,bosque denso,cerrado,control
2024-12-19,100.29450784754415,19.88768356527064,0.9757108532779978,0.06107754591370422,0.375029572601611,0.22328863149456393,105.39134165066315,95.19767404442517,0.9980858170446254,0.95333588951137,0.23298675846701458,0.5170723867362074,G053,-35.14117318669062,Norte,I,bosque denso,cerrado,control
2024-12-20,119.44161154252117,26.557731300308713,0.9970932476083337,0.0028948666226864318,0.34184556269668326,0.1573991804695867,101.6535111331919,137.22971195185045,0.9977195241300216,0.996466971086646,0.23100797994074407,0.4526831454526225,G053,-38.33529418094533,Norte,I,bosque denso,cerrado,control
2024-12-21,127.1115981601061,26.624649074825644,0.9926619160008107,0.027229284189045955,0.39080435218375453,0.17064206633384674,106.40661778059147,147.81657853962074,0.9876716185464015,0.9976522134552196,0.3149706779642745,0.46663802640323454,G053,-38.40165846273329,Norte,I,bosque denso,cerrado,control
2024-12-22,115.24583880153614,19.360593592766485,0.9922131060771219,0.023007146340037386,0.34804263175854017,0.16535542648726556,102.36111196468795,128.13056563838433,0.9927351962483062,0.9916910159059377,0.24295359927697172,0.4531316642401087,G053,-38.15300246174792,Norte,I,bosque denso,cerrado,control
2024-12-25,117.32933270650476,32.172915557343806,0.973181975343323,0.06405907231478167,0.37984451658411106,0.20246051960256345,99.12968860183805,135.52897681117142,0.971607950669059,0.974756000017587,0.22023164379087534,0.5394573893773467,G053,-39.11536736760341,Norte,I,bosque denso,cerrado,control
2024-12-26,122.22815038631113,27.287561333497674,0.9963449297326009,0.006738889945628118,0.35428186141900125,0.15350297777750896,100.43812661997362,144.01817415264864,0.9956454302302221,0.9970444292349797,0.22485808064783516,0.48370564219016726,G053,-40.11971538709962,Norte,I,bosque denso,cerrado,control
2024-12-18,104.82883406460354,30.161590523535427,0.9157626758962188,0.12273159706051139,0.3056406496241074,0.2620415753604647,89.44569472916253,120.21197340004456,0.9478396269147521,0.8836857248776857,0.13049533233631416,0.48078596691190073,GP02,-36.15713884137568,Sur,B,pastos,abierto,intervencion
2024-12-19,80.21666359726912,29.143714411918072,0.7560783481819434,0.33388580101643933,0.2082288094828116,0.21911372702293697,83.36232657625267,77.07100061828558,0.9422557068594631,0.5699009895044239,0.10449329459468197,0.3119643243709412,GP02,-25.70261589685905,Sur,B,pastos,abierto,intervencion
2024-12-20,39.328066130881815,18.436571272575126,0.4355816660379341,0.23873283955021463,0.04301098177832432,0.05913404487128283,26.071023817832913,52.58510844393072,0.5175903416582613,0.35357299041760676,0.024022457987239152,0.061999505569409474,GP02,-35.241165235701544,Sur,B,pastos,abierto,intervencion
2024-12-21,38.46578560856972,19.916265517500655,0.4669336338315546,0.2405897964964983,0.02003496413848597,0.024405170714128045,22.82324051290478,54.10833070423465,0.5723924500204816,0.3614748176426277,0.017570859886761655,0.022499068390210288,GP02,-33.19998650038261,Sur,B,pastos,abierto,intervencion
2024-12-22,44.954206847998925,17.59705482873011,0.4101865357509525,0.26100327110114224,0.03113636217958519,0.035372211289071614,39.672517743418005,50.23589595257985,0.41015365273168497,0.41021941877022,0.04439273609497726,0.01787998826419313,GP02,-31.506828311717165,Sur,B,pastos,abierto,intervencion
2024-12-25,39.50908614398623,19.699937691954815,0.49754314006550787,0.23610261497897184,0.01445867134234259,0.029413730534791908,24.760848263614335,54.25732402435812,0.5502604775033136,0.4448258026277021,0.007429314926646798,0.02148802775803838,GP02,-34.22562021292872,Sur,B,pastos,abierto,intervencion
2024-12-26,78.70154112385941,41.04351134995124,0.6855008029698896,0.28542729369330305,0.1602139577726557,0.25508701443229037,59.00082521007516,98.40225703764366,0.7009404658275397,0.6700611401122396,0.0364290020106455,0.28399891353466594,GP02,-42.837011080303185,Sur,B,pastos,abierto,intervencion
2024-12-18,85.94832614349853,24.632541213515978,0.9083256527253782,0.13409104046555165,0.33429695582843927,0.22904170291534753,66.91801778946724,104.97863449752981,0.8310278602217221,0.9856234452290343,0.19578646513011502,0.4728074465267635,G095,-28.765313667433485,Sur,A,vegetación secundaria,abierto,intervencion
2024-12-19,79.42205831475407,23.978096338774368,0.8814169984382803,0.17989683875743723,0.34317547391186665,0.23095345820855737,61.682060864049184,97.16205576545896,0.7890647452208005,0.97376925165576,0.20503271050229424,0.481318237321439,G095,-27.606510181853487,Sur,A,vegetación secundaria,abierto,intervencion
2024-12-20,89.26932063543734,28.172494906560292,0.9385861538354875,0.09858549641578761,0.33994641531994785,0.2573519150104113,64.45504895308609,114.0835923177886,0.8805309445220803,0.9966413631488948,0.15867547230941037,0.5212173583304852,G095,-30.49751361076664,Sur,A,vegetación secundaria,abierto,intervencion
2024-12-21,103.26642811655056,31.86597533830822,0.9610821279985488,0.05731881550881956,0.3595912906211732,0.2666106871381526,74.5916277367834,131.9412284963177,0.9255127545074874,0.9966515014896102,0.17216979276744482,0.5470127884749015,G095,-33.23095436370035,Sur,A,vegetación secundaria,abierto,intervencion
2024-12-22,101.51486413383526,21.710222369161123,0.960847585182909,0.07398472707053087,0.2733802918568126,0.2365447611067362,86.49528703219433,116.53444123547621,0.9337171556032494,0.9879780147625689,0.09052825261469867,0.45623233109892664,G095,-44.42514045127285,Sur,A,vegetación secundaria,abierto,intervencion
2024-12-25,112.83932577505074,35.94055732046517,0.9684234041876092,0.04494565466975879,0.40385664965440843,0.2999810060754195,83.4948783678502,142.1837731822513,0.9403332196418918,0.9965135887333266,0.13995204576848116,0.6677612535403358,G095,-43.41276116915755,Sur,A,vegetación secundaria,abierto,intervencion
2024-12-26,117.02582425666213,36.34017774043725,0.9716660930935496,0.042916148539959224,0.41034109810790703,0.3303027425624828,84.36561352123353,149.68603499209073,0.9525028126856493,0.9908293735014498,0.13259546050367818,0.6880867357121359,G095,-36.771284399220995,Sur,A,vegetación secundaria,abierto,intervencion
2024-12-18,127.32796096172439,30.101604574633022,0.9502303084988329,0.0456990313290772,0.5109480903237573,0.20196509236822394,119.2709845527725,135.38493737067625,0.9662930248287518,0.934167592168914,0.4143542130468491,0.6075419676006656,G004,-39.26175429173999,Norte,H,pastos,abierto,intervencion
2024-12-19,111.69528282939517,20.035671851512397,0.950996110643588,0.05265517591499669,0.504736023012437,0.20769945199098477,115.25510811281477,108.13545754597554,0.9734614368281992,0.9285307844589769,0.3783140616118204,0.6311579844130538,G004,-37.001597163927485,Norte,H,pastos,abierto,intervencion
2024-12-20,134.49335306998944,33.235965783572965,0.954356532572347,0.06608934462151309,0.5060017449291728,0.20948260912320574,114.10259202999477,154.8841141099841,0.9509438445537585,0.9577692205909357,0.3649819898485853,0.6470215000097604,G004,-41.07663372486861,Norte,H,pastos,abierto,intervencion
2024-12-21,136.47286291909407,30.603243424502104,0.9681300819463897,0.031384120990983304,0.5271062393527708,0.22200962509179317,115.0693341747118,157.87639166347637,0.9754337802760379,0.9608263836167414,0.37911805761325507,0.6750944210922866,G004,-41.94466172819538,Norte,H,pastos,abierto,intervencion
2024-12-22,125.8084601907258,31.54668224234695,0.9538579186879302,0.05728105385792635,0.48005085831926814,0.2591503484285073,103.9271688170857,147.6897515643659,0.9426514494158379,0.9650643879600224,0.27161968410634363,0.6884820325321925,G004,-36.02599648150256,Norte,H,pastos,abierto,intervencion
2024-12-25,133.41215408148636,37.264352591096966,0.9628183614436571,0.04792296372356352,0.5728549447866417,0.24075714761195888,113.5123396206567,153.31196854231607,0.9599838720141679,0.9656528508731461,0.3482224098552807,0.7974874797180026,G004,-41.81442065327184,Norte,H,pastos,abierto,intervencion
2024-12-26,145.05513961374632,28.946250652699806,0.9786161706842161,0.027010114134498945,0.5684034130325119,0.22530858348982405,124.3249817611286,165.78529746636403,0.9746218757691061,0.9826104655993263,0.38381209027946617,0.7529947357855575,G004,-42.38151054153133,Norte,H,pastos,abierto,intervencion
2024-12-18,84.54838486735336,18.16868591445023,0.9396383666396578,0.0695110607065352,0.1747523513131837,0.14996313042137158,75.04889171352197,94.04787802118476,0.9131239063158084,0.9661528269635071,0.1062655747821169,0.24323912784425053,G059,-43.47507143615246,Centro,G,vegetación secundaria,Vegetacion secundaria baja abierto,control
2024-12-19,86.23545229399502,14.025850052887238,0.9305003576070504,0.08892893473567408,0.16902184031319567,0.18698397367846198,85.11786515297206,87.35303943501799,0.8994674500481213,0.9615332651659793,0.0682437676834688,0.2697999129429225,G059,-42.30761415656878,Centro,G,vegetación secundaria,Vegetacion secundaria baja abierto,control
2024-12-20,99.56820399311965,17.994999283366344,0.9391568732356687,0.10223202535125764,0.14435133445272183,0.1156501094920353,89.7572700570259,109.3791379292134,0.892301598602007,0.9860121478693301,0.080755527527139,0.20794714137830464,G059,-47.91641556979012,Centro,G,vegetación secundaria,Vegetacion secundaria baja abierto,control
2024-12-21,95.50614773690404,19.420279399256348,0.9323317376940546,0.09733926643000325,0.1566587993348932,0.11840146050740188,82.25810564467226,108.7541898291358,0.882698011137978,0.9819654642501313,0.11408395880114125,0.19923363986864517,G059,-46.76641663732888,Centro,G,vegetación secundaria,Vegetacion secundaria baja abierto,control
2024-12-22,94.21441408608001,12.523719069791479,0.9313860299356228,0.08518985063235958,0.1202207470884098,0.06433691029458134,90.57278260667924,97.85604556548081,0.8933483880196363,0.9694236718516094,0.07602405694721592,0.16441743722960367,G059,-47.67945011823657,Centro,G,vegetación secundaria,Vegetacion secundaria baja abierto,control
2024-12-25,100.04024683813775,17.778186139952577,0.9266351026861139,0.1060209787286937,0.14729930765149546,0.08820052200518042,93.21847915178863,106.86201452448684,0.8885602755404335,0.9647099298317944,0.07867969113966976,0.21591892416332115,G059,-47.28494201020321,Centro,G,vegetación secundaria,Vegetacion secundaria baja abierto,control
2024-12-26,104.4686144609898,17.24210642573841,0.9409876744466317,0.09726515638005412,0.14420565661227344,0.11789986213407,91.7901990001112,117.14702992186842,0.8948066260447901,0.9871687228484731,0.09283578960740109,0.19557552361714578,G059,-47.578932124452216,Centro,G,vegetación secundaria,Vegetacion secundaria baja abierto,control
2024-12-18,80.4046880979166,19.62602406684745,0.9593797086206682,0.04513678197453746,0.3735713738381828,0.21046648163247877,67.43591503540799,93.37346116042522,0.9829928094529233,0.9357666077884131,0.22387475522480857,0.523267992451557,G077,-29.777163155440817,Norte,J,pastos,abierto,intervencion
2024-12-19,72.42125326072743,15.197500645990596,0.8467263034681954,0.22919779971744217,0.3670291094917562,0.1839242506471452,65.03872246419158,79.80378405726329,0.9414809821809387,0.7519716247554524,0.2402347409017633,0.49382347808174915,G077,-29.892467438690524,Norte,J,pastos,abierto,intervencion
2024-12-20,75.33270263811094,21.092451496964696,0.8827443176689015,0.1427930446214829,0.3576066485618246,0.17819579482417167,61.09472855856986,89.57067671765202,0.9540117073466191,0.8114769279911836,0.2404311510501478,0.4747821460735014,G077,-30.90431572477193,Norte,J,pastos,abierto,intervencion
2024-12-21,80.11737708390699,18.84093665585234,0.8439497338042714,0.2080315586712696,0.3784109191659885,0.15405440630125114,66.2812937463532,93.95346042146078,0.9219169189979962,0.7659825486105466,0.27821073231959037,0.4786111060123867,G077,-29.710150975829315,Norte,J,pastos,abierto,intervencion
2024-12-22,84.6785182982119,21.300185444263413,0.8889143403415556,0.17635062643368443,0.36741992671821916,0.16366057365621847,73.84349716247102,95.5135394339528,0.9582471989467712,0.8195814817363397,0.2535093427569414,0.4813305106794968,G077,-29.254555751954815,Norte,J,pastos,abierto,intervencion
2024-12-25,87.42663098759408,22.18042791115679,0.9376504952071842,0.06340477697919444,0.49596854786289146,0.19226221629599974,73.63460330602895,101.21865866915918,0.9730658426401892,0.9022351477741793,0.3303317871087348,0.6616053086170482,G077,-29.19416964290844,Norte,J,pastos,abierto,intervencion
2024-12-26,87.92835486090512,20.846132130124065,0.9409111174895445,0.07891176369666922,0.4769580085081686,0.18700648465407638,72.3771388349126,103.47957088689765,0.9652492500321297,0.9165729849469592,0.33781773429585593,0.6160982827204812,G077,-28.82156234044487,Norte,J,pastos,abierto,intervencion
2024-12-18,119.19343044781789,30.22174696630885,0.9674378731855114,0.051727201419382085,0.3832271560393225,0.17928902768589317,115.36542026254601,123.02144063308975,0.9656380249223387,0.9692377214486841,0.32558658639234944,0.4408677256862956,G045,-37.95346819951109,Norte,I,bosque denso,cerrado,intervencion
2024-12-19,105.81737997851987,24.597046347560394,0.9563799739614324,0.06466746499284941,0.4177559727186195,0.222581029837739,117.63651428093993,93.99824567609981,0.974928850602462,0.9378310973204028,0.32033806873721493,0.5151738767000239,G045,-35.76861641006356,Norte,I,bosque denso,cerrado,intervencion
2024-12-20,125.4074145345516,28.69679803937922,0.9592191704711489,0.057717465537489715,0.3306813775063508,0.14994166438596893,113.1724030257206,137.6424260433826,0.9361333332353445,0.9823050077069534,0.3234035675337703,0.33795918747893133,G045,-40.807825895632384,Norte,I,bosque denso,cerrado,intervencion
2024-12-21,134.43215907683899,26.82253247039547,0.9796942710280346,0.04076614492919766,0.36984437017788135,0.16140479237885927,115.52818578782762,153.33613236585032,0.9653559349235334,0.994032607132536,0.3898371787912876,0.3498515615644751,G045,-40.02379366679386,Norte,I,bosque denso,cerrado,intervencion
2024-12-22,128.47421381826567,22.070121815013543,0.9802905707597177,0.03575051885490169,0.38975263101463736,0.18579452619023384,120.78605862966585,136.16236900686548,0.9691058306259458,0.9914753108934896,0.39608191435832846,0.3834233476709464,G045,-40.70216501854408,Norte,I,bosque denso,cerrado,intervencion
2024-12-25,133.15399649421292,36.47508480674056,0.9656693016559315,0.046483946846107654,0.43701667734485233,0.18776967749439163,118.13238793566087,148.17560505276495,0.9584007418739274,0.9729378614379355,0.3655467828360037,0.5084865718537009,G045,-39.50607977843795,Norte,I,bosque denso,cerrado,intervencion
2024-12-26,145.55419527357415,23.360190977558084,0.9791176171003327,0.036392345480762346,0.4290800575485741,0.16467913466831802,131.32303397705482,159.7853565700935,0.9642117591560918,0.9940234750445737,0.44435776612937766,0.4138023489677705,G045,-42.31316354177392,Norte,I,bosque denso,cerrado,intervencion
2024-12-18,99.40846622699382,27.65872332640202,0.882165699108557,0.1315424465338635,0.28911592051933566,0.22186042401464667,85.73421883076469,113.08271362322296,0.9425004981160455,0.8218309001010685,0.13830304545352567,0.43992879558514564,GP01,-37.15047878287602,Centro,F,pastos,abierto,intervencion
2024-12-19,73.10247246724315,19.120278672276335,0.8139111354301626,0.24921038382936184,0.16992808394889503,0.16377413496815277,75.19437835960588,71.01056657488041,0.9489214491456393,0.6789008217146857,0.13018121449284734,0.2096749534049427,GP01,-31.863490939001203,Centro,F,pastos,abierto,intervencion
2024-12-20,77.10939074723231,26.35421773979782,0.5123236829490229,0.31584697351891733,0.0965322191309384,0.1175318796401461,65.42620082094594,88.79258067351869,0.607956182395575,0.41669118350247086,0.05241200985597993,0.1406524284058969,GP01,-44.90659827147799,Centro,F,pastos,abierto,intervencion
2024-12-21,86.194231948454,28.13232906474545,0.6817899306821529,0.2856544031688068,0.14713986325512468,0.11670451134918162,64.40073430722732,107.98772958968067,0.8507692544804938,0.5128106068838117,0.07999712868976472,0.21428259782048464,GP01,-43.68289802509554,Centro,F,pastos,abierto,intervencion
2024-12-22,79.20147561217608,25.616461135509027,0.583465281829879,0.28962556155861446,0.07871239581485041,0.07172341827574139,63.28879433200728,95.11415689234487,0.8009380351146095,0.36599252854514847,0.02896046332545793,0.1284643283042429,GP01,-36.77160929604671,Centro,F,pastos,abierto,intervencion
2024-12-25,72.85764327785247,33.691537674409346,0.4239438321310747,0.262770651327329,0.10343306948162867,0.1367933515491836,57.40519591671446,88.3100906389905,0.49939512287285187,0.34849254138929764,0.018625931646209088,0.18824020731704824,GP01,-42.48196611576071,Centro,F,pastos,abierto,intervencion
2024-12-26,91.95421743775086,27.824212922335555,0.742688039778599,0.20598411660916083,0.18530947873263773,0.18247177591504601,71.83761462392908,112.07082025157263,0.8523087688817874,0.6330673106754107,0.06835590320115398,0.3022630542641215,GP01,-45.613557559903214,Centro,F,pastos,abierto,intervencion
2024-12-18,115.59665150318136,28.74558638382386,0.9870349610225272,0.03909587850559559,0.3661275821761414,0.19074306090348314,109.05093290425877,122.14237010210398,0.9982796702483844,0.9757902517966701,0.2605172481106312,0.4717379162416515,G100,-37.92815166678409,Centro,D,bosque denso,cerrado,control
2024-12-19,94.9819708852828,19.630270237706867,0.9668359695523726,0.08143561358009306,0.36634597146870357,0.24836339955407744,103.12496706267677,86.83897470788884,0.9989218332102697,0.9347501058944755,0.2010016225597869,0.5316903203776203,G100,-33.07816305608098,Centro,D,bosque denso,cerrado,control
2024-12-20,105.42008096973598,26.466004992880716,0.9884780057779222,0.02340289703911161,0.26471635723236575,0.13885689991030983,89.73368635567637,121.10647558379559,0.9848714783571456,0.9920845331986986,0.16588816428731049,0.36354455017742104,G100,-38.66125859766035,Centro,D,bosque denso,cerrado,control
2024-12-21,111.30172223537305,23.383269205917664,0.9793687796893629,0.043758737206076724,0.36035160148020334,0.14683269533571472,95.79359392367489,126.8098505470712,0.9716187284556136,0.9871188309231121,0.3396776397043206,0.38102556325608616,G100,-38.50700748506193,Centro,D,bosque denso,cerrado,control
2024-12-22,103.9774759871529,16.734268695423307,0.9923713453274314,0.030079937737313028,0.31266419713591537,0.15726024013914036,96.88287134310245,111.07208063120335,0.9977682801920119,0.9869744104628508,0.21197236578773393,0.41335602848409675,G100,-38.49408006240402,Centro,D,bosque denso,cerrado,control
2024-12-25,122.29961418292406,27.71584327315288,0.9745243271690801,0.08754043309743721,0.3909721184267609,0.15930286387622059,104.91633181732614,139.68289654852197,0.9851827053170146,0.9638659490211458,0.26841349693537525,0.5135307399181466,G100,-40.60402130302188,Centro,D,bosque denso,cerrado,control
2024-12-26,123.33393172512179,22.796676767426263,0.9948414027548536,0.02198796758016037,0.3439943654724871,0.1491334319429029,104.44399153171999,142.2238719185236,0.9932296951040754,0.9964531104056316,0.2543540557147814,0.4336346752301928,G100,-37.149758205806506,Centro,D,bosque denso,cerrado,control
2024-12-18,88.20897825601152,18.97885551235358,0.9376130145712157,0.06443241085130264,0.3468134866213841,0.24924016742069702,80.06624387746434,96.35171263455872,0.9427029468832497,0.9325230822591816,0.17248125199032346,0.5211457212524448,GP08,-31.390685374913623,Centro,F,vegetación secundaria,cerrado,intervencion
2024-12-19,74.40815056999197,25.667525319079008,0.842452556182565,0.19201410702657573,0.26059700672827674,0.2218603417864609,84.23966244347206,64.57663869651188,0.9308498403124642,0.7540552720526658,0.15066086023930203,0.37053315321725133,GP08,-27.999603340315645,Centro,F,vegetación secundaria,cerrado,intervencion
2024-12-20,50.33679009618658,16.70799690314833,0.7862991308778565,0.1309661359467177,0.033485362727625215,0.040562998678845885,41.7345315140485,58.939048678324674,0.8110222080101605,0.7615760537455527,0.01131155653567601,0.055659168919574425,GP08,-44.515403970121966,Centro,F,vegetación secundaria,cerrado,intervencion
2024-12-21,49.75910627136857,17.797674228268185,0.8308217847670244,0.1722896491082187,0.028843884633639117,0.02835421433859051,36.94838509114549,62.56982745159166,0.7979828246042845,0.8636607449297644,0.018841061397091238,0.03884670787018701,GP08,-40.71335517228792,Centro,F,vegetación secundaria,cerrado,intervencion
2024-12-22,48.18737280372128,13.432519905568538,0.7637724626592507,0.19817664414960892,0.02066298130865895,0.019906506747215964,40.538408632367414,55.83633697507514,0.7137008378855279,0.8138440874329734,0.013356254284749436,0.02796970833256847,GP08,-37.31677402088512,Centro,F,vegetación secundaria,cerrado,intervencion
2024-12-25,54.4895016164517,13.562063380858504,0.830469597531479,0.12688376834216358,0.01641461486712283,0.018691623636957203,50.77701821997578,58.20198501292762,0.8271470844203422,0.8337921106426157,0.0019171932192209213,0.03091203651502474,GP08,-39.51645760172249,Centro,F,vegetación secundaria,cerrado,intervencion
2024-12-26,57.14310284076416,8.72395717092711,0.8416789003918255,0.105572435868909,0.02104882727881657,0.024121246662538842,52.29574087912153,61.99046480240677,0.8161214907597157,0.8672363100239352,0.006870676827987358,0.035226977729645774,GP08,-41.71199768495333,Centro,F,vegetación secundaria,cerrado,intervencion
2024-12-18,71.4491378888806,40.423169342111166,0.761791028511952,0.1927191295338176,0.18660803279266458,0.23894959791692977,65.26105483680776,77.63722094095345,0.8418203978592925,0.6817616591646116,0.06331581411624097,0.3099002514690882,G072,-37.558418773678014,Sur,B,pastos,abierto,control
2024-12-19,68.25550862309213,19.41863125761988,0.7514849046376738,0.17157482822467204,0.18765613022550054,0.17888373532646398,70.29381571631147,66.21720152987278,0.8221697343319407,0.680800074943407,0.05573233561493964,0.3195799248360614,G072,-36.73685219921168,Sur,B,pastos,abierto,control
2024-12-20,89.48082528799672,29.789802445467306,0.7753870986622854,0.1957981911342304,0.2664907133290271,0.2436062260257162,72.76904105649972,106.19260951949376,0.8412338829771097,0.7095403143474611,0.09118933865465344,0.4417920880034007,G072,-41.82598782769379,Sur,B,pastos,abierto,control
2024-12-21,95.10053698088346,32.711581451106625,0.8321746704061092,0.12328781145668861,0.30186533554996736,0.2125158280720385,73.08641443812054,117.11465952364638,0.8504253383753979,0.8139240024368205,0.11657042460137441,0.48716024649856027,G072,-44.58346746754974,Sur,B,pastos,abierto,control
2024-12-22,96.16612206767009,25.869805721683267,0.9186020268928924,0.10242232100274817,0.31790743396933363,0.23237361073017104,83.74252642028657,108.58971771505361,0.9176194440319178,0.919584609753867,0.13934992283444786,0.4964649451042194,G072,-44.29472188063957,Sur,B,pastos,abierto,control
2024-12-25,97.42219206270379,33.53648233082736,0.844030870507844,0.14765705864453713,0.30242737886814725,0.26380892006163803,71.28107732107134,123.56330680433621,0.8946938916873265,0.7933678493283614,0.06947463617687734,0.5353801215594172,G072,-45.850483431857526,Sur,B,pastos,abierto,control
2024-12-26,100.26647740463771,36.43011111905211,0.7903589369558438,0.14247260047027527,0.32131618617744545,0.28475134930406903,69.8495449726234,130.683409836652,0.8020132242420391,0.7787046496696486,0.08777821918163427,0.5548541531732567,G072,-43.59724202433366,Sur,B,pastos,abierto,control
2024-12-18,109.80066400221618,31.00794662996952,0.9809745738004317,0.03522693853953841,0.3246305027254867,0.2726355593202316,91.47792268665891,128.12340531777343,0.9844869126662433,0.9774622349346203,0.13677262690069517,0.5124883785502782,GP04,-40.18852319028976,Centro,E,vegetación secundaria,abierto,intervencion
2024-12-19,95.23767265051289,20.701706657622466,0.9605476601923476,0.08174776190393097,0.30882747985202624,0.27308495270538724,87.49046766396553,102.98487763706025,0.963632576301929,0.9574627440827662,0.10944659610614782,0.5082083635979047,GP04,-38.76928790584959,Centro,E,vegetación secundaria,abierto,intervencion
2024-12-20,118.53700681941427,29.6397338312519,0.987935344993112,0.0104386893610135,0.3358779428016354,0.26384463277586273,92.09952919007664,144.9744844487519,0.9861676158307081,0.989703074155516,0.11834896893594864,0.5534069166673222,GP04,-45.95912506273058,Centro,E,vegetación secundaria,abierto,intervencion
2024-12-21,123.05420314681344,35.7265900558034,0.9809223734079686,0.03351097193775405,0.4080071387968933,0.2544348477882545,90.79944966629006,155.30895662733678,0.9703459310359426,0.9914988157799945,0.2004823903169687,0.615531887276818,GP04,-44.34672054877676,Centro,E,vegetación secundaria,abierto,intervencion
2024-12-22,111.91972039176454,26.660949122746857,0.9850074781217346,0.01916190346740905,0.3212589165764192,0.26343383757753647,91.07722528839962,132.76221549512945,0.9850560291958,0.9849589270476692,0.10662860396051427,0.5358892291923242,GP04,-44.65308704159941,Centro,E,vegetación secundaria,abierto,intervencion
2024-12-25,117.707867378358,32.82827615165459,0.9819815070600367,0.018080088815463812,0.394198354510521,0.24115183780686553,95.52810426361037,139.88763049310566,0.9869447794316222,0.9770182346884511,0.1797019562494482,0.6086947527715937,GP04,-44.96120552532561,Centro,E,vegetación secundaria,abierto,intervencion
2024-12-26,121.63274555845085,30.707614454825418,0.9788746363688912,0.03572096835502494,0.3670596836285203,0.2577715046801472,93.70068308022769,149.564808036674,0.9720374805572822,0.9857117921805001,0.15651517919394117,0.5776041880630994,GP04,-45.22688590443594,Centro,E,vegetación secundaria,abierto,intervencion
2024-12-18,100.54495896535525,24.28415773695064,0.9429357506485214,0.1397213876923459,0.5133962064324925,0.18406277832819998,86.26720986667584,114.82270806403467,0.9329752532591596,0.9528962480378834,0.45406238682652766,0.5727300260384572,G040,-28.967597757929532,Sur,A,pastos,abierto,intervencion
2024-12-19,80.75980097431646,25.509801359843582,0.8932114996743491,0.1848677660011108,0.5720614193799892,0.18869201851874395,66.43935098845141,95.08025096018154,0.858950586972158,0.9274724123765403,0.5434136717487837,0.6007091670111947,G040,-24.83302742632943,Sur,A,pastos,abierto,intervencion
2024-12-20,89.54443092105157,34.090407632750015,0.8897397900780013,0.11276926859629033,0.5291407032335528,0.17071018729483164,61.96967887414979,117.11918296795336,0.8558800609326783,0.9235995192233243,0.5149105640034135,0.5433708424636919,G040,-28.405755403675222,Sur,A,pastos,abierto,intervencion
2024-12-21,105.66068358861448,32.03139186347294,0.9401133900144449,0.06808164036953432,0.5035838751820608,0.12875188325883047,79.44119655994729,131.88017061728166,0.9274761312559248,0.952750648772965,0.48764338705640736,0.5195243633077143,G040,-30.7595662625128,Sur,A,pastos,abierto,intervencion
2024-12-22,110.73704581133619,21.006596643850383,0.9742950671704346,0.03521554504775153,0.417940692220308,0.13258401200777922,96.61495226933009,124.8591393533423,0.9874608425557025,0.9611292917851665,0.37623217959397254,0.45964920484664346,G040,-42.782086091754906,Sur,A,pastos,abierto,intervencion
2024-12-25,117.58513173289519,27.650005191392403,0.9530315723033375,0.051807430801026275,0.44562000998767276,0.13648047177929676,95.95748619986693,139.21277726592345,0.9693735985563986,0.9366895460502763,0.3763222813382898,0.5149177386370556,G040,-41.80552757556677,Sur,A,pastos,abierto,intervencion
2024-12-26,96.48617175810806,34.53967409227374,0.9162351544654189,0.07694315186603767,0.4986485102547002,0.14598047936584888,69.26856926243379,123.70377425378233,0.9067182414574056,0.9257520674734322,0.4772113240629783,0.5200856964464221,G040,-30.27284603135723,Sur,A,pastos,abierto,intervencion
2024-12-18,89.99000225037285,27.041467633113005,0.913270508339668,0.08403804144295089,0.2708612488495092,0.1858591326172475,78.03966436808626,101.94034013265944,0.8606442411995209,0.9658967754798153,0.19448891260524126,0.34723358509377716,G088,-35.83150750610515,Norte,H,pastos,abierto,control
2024-12-19,86.61157754650348,15.641854770303972,0.8978597888673675,0.11809059181837807,0.28990915457030714,0.2171029611101914,80.22649771927384,92.99665737373313,0.8503369536823647,0.9453826240523703,0.18883967163049334,0.39097863751012096,G088,-35.91225744603654,Norte,H,pastos,abierto,control
2024-12-20,94.63751859817059,30.66063342632928,0.887260838973582,0.1219968138667614,0.23423297776286034,0.1588481724473271,70.81567290311372,118.45936429322745,0.7971915144255147,0.977330163521649,0.14165469194818178,0.3268112635775389,G088,-38.52374069282633,Norte,H,pastos,abierto,control
2024-12-21,102.17276670133064,26.751309365212627,0.9506938451932525,0.05288085541285173,0.2756537584445802,0.19362774875575042,81.29610489672486,123.04942850593642,0.9166093126636675,0.9847783777228375,0.22147915597755508,0.3298283609116053,G088,-38.123456716568846,Norte,H,pastos,abierto,control
2024-12-22,97.17787676402997,32.64568531934521,0.8803106335088148,0.1587949776879849,0.33591505423148965,0.19581065905403633,71.72158225483692,122.63417127322305,0.7744126346725281,0.9862086323451015,0.26208120898622494,0.40974889947675436,G088,-26.09786475875074,Norte,H,pastos,abierto,control
2024-12-25,103.2957073288001,31.23068597875629,0.9231400021791321,0.10224191286330594,0.37152299772363806,0.2322734552361486,85.44528686720547,121.14612779039476,0.8684434915182062,0.9778365128400578,0.19110288614023938,0.5519431093070367,G088,-37.3762032863936,Norte,H,pastos,abierto,control
2024-12-26,110.55526983402267,30.13170746854358,0.9377940517022251,0.07638190448751646,0.33237632097023767,0.19693506335718394,84.7382756294728,136.37226403857255,0.8873144413696624,0.988273662034788,0.17782842996290163,0.4869242119775738,G088,-38.46554680923505,Norte,H,pastos,abierto,control
2024-12-18,109.47058477847831,24.40898520132999,0.9816353083926449,0.0392170814756841,0.3485806134552132,0.2116021380459872,99.67687693842144,119.26429261853518,0.9924531634395359,0.9708174533457536,0.20534580860087795,0.4918154183095485,G075,-36.57593208645345,Sur,A,bosque denso,cerrado,control
2024-12-19,90.28979005022119,13.150544940379653,0.9601090124404349,0.06702912506433262,0.3567374070975992,0.24196170444859702,90.27328913265285,90.30629096778951,0.9786019148236944,0.9416161100571752,0.18345283286585312,0.5300219813293453,G075,-33.496182247517325,Sur,A,bosque denso,cerrado,control
2024-12-20,106.33526247648024,24.924566179929826,0.9745672239864969,0.054569287795407186,0.35025541695765816,0.20688554700435274,89.75648928447282,122.91403566848767,0.9838355251374176,0.9652989228355763,0.2133631885499548,0.4871476453653614,G075,-38.86140086856553,Sur,A,bosque denso,cerrado,control
2024-12-21,108.36130423483341,23.396668884164974,0.9747854780883275,0.030691714500625463,0.3747246870912826,0.185637787763707,90.26349580363161,126.4591126660352,0.9746646302074701,0.9749063259691851,0.27105223249833704,0.4783971416842281,G075,-39.58512676626593,Sur,A,bosque denso,cerrado,control
2024-12-22,102.03432290283826,16.6785569577046,0.9838027967752194,0.024943547794627992,0.3460734978210965,0.19561247351367017,92.46666216090306,111.60198364477345,0.9918067202000375,0.9757988733504014,0.21338788094391078,0.4787591146982822,G075,-43.49006721920126,Sur,A,bosque denso,cerrado,control
2024-12-25,111.12091811034368,21.858046769804965,0.9867047827368901,0.020291136389371054,0.40538244293580467,0.20964354751698713,94.27204129195594,127.9697949287314,0.990392110077333,0.9830174553964474,0.22842136062520266,0.5823435252464068,G075,-43.50700271349841,Sur,A,bosque denso,cerrado,control
2024-12-26,113.3318368883522,22.255636093007634,0.9832538811821968,0.034335628061544915,0.419943015927541,0.21970835357654245,94.36186545928045,132.30180831742396,0.9800829040844378,0.986424858279956,0.25021993711961693,0.589666094735465,G075,-41.62270846971661,Sur,A,bosque denso,cerrado,control
2024-12-18,115.88482034949857,27.164372746173253,0.9737063802979594,0.04000287345861562,0.34328109034619175,0.20022632014917116,109.32969467635026,122.43994602264688,0.9853019433996743,0.9621108171962445,0.24129130585907532,0.4452708748333081,GP03,-39.631087847973504,Centro,E,bosque denso,cerrado,intervencion
2024-12-19,100.9904041023212,24.512095415936674,0.9441426187442582,0.10284429968295183,0.3634994810955323,0.2381371838299883,113.3720755864385,88.60873261820389,0.9456259261280255,0.9426593113604906,0.2616672654025909,0.46533169678847375,GP03,-37.66559405909573,Centro,E,bosque denso,cerrado,intervencion
2024-12-20,118.3755258266619,27.519813222335408,0.9783335221583496,0.02645282027021548,0.29934234103124174,0.15305934321169412,108.7289885129021,128.0220631404217,0.979076636031286,0.9775904082854131,0.2437881512054404,0.3548965308570431,GP03,-46.34729531776073,Centro,E,bosque denso,cerrado,intervencion
2024-12-21,120.49653537895348,21.0229600735807,0.969702228219432,0.04707894519206153,0.3330704576702442,0.14809348599991518,110.06984783592799,130.92322292197898,0.9543723705806443,0.9850320858582197,0.31175250879092925,0.3543884065495591,GP03,-45.74362722123068,Centro,E,bosque denso,cerrado,intervencion
2024-12-22,106.40119545327444,17.93026580280866,0.9615185964871805,0.061029074426376936,0.32265594885658916,0.16952994970212654,109.43176457261207,103.3706263339368,0.9563744794436561,0.9666627135307051,0.300142312682334,0.34516958503084433,GP03,-43.607260102952175,Centro,E,bosque denso,cerrado,intervencion
2024-12-25,124.10294445230168,28.576831592808,0.9578117365325635,0.06239511868224394,0.3533671684685558,0.17352718998885025,108.73828692029804,139.46760198430533,0.939808170737738,0.9758153023273889,0.2793472379918484,0.4273870989452633,GP03,-46.818933132992214,Centro,E,bosque denso,cerrado,intervencion
2024-12-26,125.69455664730499,26.6712644285168,0.9569276938094656,0.07490697876690436,0.34761225643029264,0.1810042197157219,109.17953981820527,142.20957347640476,0.9373689855710846,0.9764864020478466,0.2988193757937621,0.3964051370668233,GP03,-44.42121184574211,Centro,E,bosque denso,cerrado,intervencion
2024-12-18,91.95407684579278,23.738578236572817,0.9524690448294219,0.09809865109537715,0.38609083639766667,0.162806390596962,75.41598006314715,108.49217362843842,0.9396908748661391,0.9652472147927047,0.2762079533691059,0.4959737194262274,G081,-28.173161601817966,Sur,A,vegetación secundaria,cerrado,intervencion
2024-12-19,78.83739334054953,16.346199670251796,0.8974616114464901,0.17964409067566323,0.418920230019483,0.21045497871162305,70.40047049242652,87.27431618867251,0.8894970193874343,0.9054262035055459,0.27866510150394885,0.559175358535017,G081,-26.61460234004936,Sur,A,vegetación secundaria,cerrado,intervencion
2024-12-20,92.1533811189692,24.656118238359582,0.9441432921001548,0.09749453149350314,0.33418899033893695,0.14966614313927898,72.3008158036818,112.00594643425659,0.9466854883232828,0.941601095877027,0.22333410833944448,0.4450438723384294,G081,-31.17887791781233,Sur,A,vegetación secundaria,cerrado,intervencion
2024-12-21,104.21727721626577,29.882104345622604,0.9611990116594056,0.0730817884958638,0.37497905881043553,0.11490754108129597,79.45794346954645,128.9766109629851,0.9452689217307285,0.9771291015880826,0.2939070825943825,0.4560510350264886,G081,-31.740470251595188,Sur,A,vegetación secundaria,cerrado,intervencion
2024-12-22,96.48327290086205,19.137482577928775,0.948681359381106,0.08746901184955218,0.2378441067376903,0.12209901080687768,90.65831995236208,102.30822584936199,0.948815011432777,0.948547707329435,0.18914737964898046,0.2865408338264001,G081,-42.75150872930729,Sur,A,vegetación secundaria,cerrado,intervencion
2024-12-25,69.56728910436571,13.183796934535195,0.9255786802756524,0.08078460298318263,0.06630140861731039,0.04656413143204412,69.35086167792757,69.78371653080386,0.9254217472226087,0.9257356133286961,0.058485355443733206,0.07411746179088759,G081,-35.32643159053165,Sur,A,vegetación secundaria,cerrado,intervencion
2024-12-26,66.45465672202002,8.42804105773975,0.916256216985882,0.056823959472927184,0.04357526489330114,0.05026005879498263,69.13077768557709,63.778535758462944,0.9178229420873659,0.9146894918843981,0.06139235674988073,0.02575817303672155,G081,-41.119774180844786,Sur,A,vegetación secundaria,cerrado,intervencion
2024-12-18,109.9209069665821,31.96440624408965,0.9806275634200557,0.0297899753481244,0.3274427952256127,0.21357934229463543,88.93224703997343,130.90956689319077,0.9744743078863992,0.9867808189537124,0.18669485678557182,0.4681907336656536,G010,-37.74281276761644,Norte,I,vegetación secundaria,cerrado,intervencion
2024-12-19,89.56855508664522,21.588709628829342,0.9714948079118481,0.04387087698830213,0.32434036709650366,0.22952370225302554,80.52917487074852,98.60793530254193,0.9738063173939412,0.9691832984297551,0.17484035893854458,0.4738403752544627,G010,-33.96574373982132,Norte,I,vegetación secundaria,cerrado,intervencion
2024-12-20,106.55948827207284,30.653745886639907,0.9751321850989297,0.055292832200809404,0.2824686224499458,0.16189030113381486,83.13658431244889,129.98239223169682,0.9535074506019404,0.9967569195959188,0.17140491126617055,0.39353233363372103,G010,-36.17051876224305,Norte,I,vegetación secundaria,cerrado,intervencion
2024-12-21,106.25209554140525,26.605944601090915,0.9753194688135998,0.049779680485354375,0.3200863556386502,0.17615495948119905,84.55757388098083,127.94661720182968,0.9527094434577835,0.9979294941694161,0.2780940807888513,0.36207863048844907,G010,-37.67678065224418,Norte,I,vegetación secundaria,cerrado,intervencion
2024-12-22,97.6762470455803,21.818255016343215,0.9638271627248819,0.06241727398425025,0.3188866439933676,0.16782019348284669,83.87464008269599,111.4778540084646,0.9429865752607136,0.9846677501890503,0.2543699345993903,0.3834033533873448,G010,-37.55964981967205,Norte,I,vegetación secundaria,cerrado,intervencion
2024-12-25,115.87470789437053,30.58322266150557,0.9615765979956915,0.09989546912594342,0.34945091108378196,0.20187285112598144,93.38231038613179,138.36710540260927,0.9294842976820096,0.9936688983093734,0.1798994589816361,0.5190023631859277,G010,-42.269723261756305,Norte,I,vegetación secundaria,cerrado,intervencion
2024-12-26,116.24731730387094,30.175710395770214,0.9702442545954741,0.03742398977824047,0.33970886939136674,0.19501924000927445,90.46536079054955,142.02927381719232,0.9647429633372663,0.9757455458536821,0.2103099266919971,0.4691078120907363,G010,-35.85618254995845,Norte,I,vegetación secundaria,cerrado,intervencion
2024-12-18,101.75022460927157,25.169764765562057,0.9085327816418398,0.10065744209398696,0.3165761752341261,0.24647596716331385,93.24570251056872,110.2547467079744,0.9345629564237764,0.882502606859903,0.18233184188360277,0.45082050858464945,G065,-33.732666244681866,Norte,I,vegetación secundaria,abierto,intervencion
2024-12-19,93.37340511497565,21.16381318138206,0.8496724554472972,0.11232514256776809,0.31638081404695606,0.20358060223012237,102.77451121625882,83.9722990136925,0.9249994029602822,0.7743455079343121,0.21917674689041103,0.41358488120350106,G065,-34.18550006407991,Norte,I,vegetación secundaria,abierto,intervencion
2024-12-20,102.96260958683915,22.85756723227198,0.8702220947236,0.10529755304126416,0.3150978182995258,0.24092713564613566,86.95368728918267,118.97153188449562,0.9069558916881403,0.8334882977590595,0.14567769477054426,0.48451794182850744,G065,-35.52899750989062,Norte,I,vegetación secundaria,abierto,intervencion
2024-12-21,106.71953800355124,19.43644777470982,0.9304504110448102,0.06830571255253987,0.364683315096103,0.23270434648786392,92.48536253806786,120.95371346903461,0.9445859526218744,0.9163148694677458,0.22174046560385938,0.5076261645883466,G065,-35.296316020841665,Norte,I,vegetación secundaria,abierto,intervencion
2024-12-22,107.3793297769826,20.46827986995984,0.9339916029751479,0.0650637582711031,0.3861294956545757,0.24615020104649177,96.79212509600451,117.96653445796068,0.9388117232058982,0.9291714827443976,0.2137685371410024,0.5584904541681489,G065,-36.28326713041591,Norte,I,vegetación secundaria,abierto,intervencion
2024-12-25,103.0442951151378,29.34280429386555,0.9136324061247395,0.07456592798623093,0.4213929838929839,0.27337172250112596,89.69563390889265,116.39295632138295,0.9428285959725553,0.8844362162769236,0.18362334877809794,0.6591626190078698,G065,-34.473012990202974,Norte,I,vegetación secundaria,abierto,intervencion
2024-12-26,112.12355259935687,22.607000456741865,0.9273188896140643,0.07774628595545656,0.4257225293111098,0.24807254912127497,97.43934586249439,126.80775933621936,0.953344372911948,0.9012934063161806,0.2246251782004183,0.6268198804218015,G065,-33.69734946671827,Norte,I,vegetación secundaria,abierto,intervencion
2024-12-18,121.66707963221351,25.538837419486676,0.9886067042176004,0.023615180372740574,0.3364624387169744,0.19840305977460004,113.78520288356329,129.54895638086373,0.9945656492859505,0.9826477591492503,0.21865413487611987,0.45427074255782895,G042,-41.15486508439876,Centro,D,vegetación secundaria,semicerrado,control
2024-12-19,105.91552481241165,18.23247359371742,0.9780440845107226,0.04014472455452496,0.3558105864669365,0.24190953020351325,107.09126405197226,104.739785572851,0.9843987025142454,0.9716894665071996,0.1896148234195192,0.5220063495143538,G042,-37.91212574171632,Centro,D,vegetación secundaria,semicerrado,control
2024-12-20,121.26613885571972,23.7962684131237,0.9903163856544998,0.012958690595834441,0.28230842533422335,0.17299331766458148,105.05681650587091,137.47546120556856,0.9907025713522651,0.9899301999567345,0.1514135048019786,0.41320334586646806,G042,-42.85326661520716,Centro,D,vegetación secundaria,semicerrado,control
2024-12-21,124.07835623418293,24.029517668664074,0.984735040224336,0.0273717824517955,0.36335267202000593,0.18520390760075675,107.5183494581294,140.63836301023645,0.9804870822708894,0.9889829981777823,0.2914044785096906,0.4353008655303212,G042,-42.947977420876285,Centro,D,vegetación secundaria,semicerrado,control
2024-12-22,111.75897300151372,15.408585425035946,0.9903538634894868,0.018156310989941832,0.3129934108455987,0.18429598608409645,106.14603840343979,117.37190759958764,0.9934964634591915,0.9872112635197822,0.1847110523738058,0.4412757693173915,G042,-42.289301311575514,Centro,D,vegetación secundaria,semicerrado,control
2024-12-25,112.65588959152774,23.01855832822203,0.9928757583904674,0.017609336740953146,0.32898117845432645,0.16736637677229213,97.65412354796165,127.65765563509383,0.9908814699900107,0.9948700467909242,0.18806073221761588,0.4699016246910371,G042,-43.74829403870847,Centro,D,vegetación secundaria,semicerrado,control
2024-12-26,117.22077517381193,21.497186445249355,0.9931031049076563,0.017817629264447955,0.3557416080094842,0.18029378792402675,100.17620693105312,134.26534341657074,0.9895554994725986,0.9966507103427139,0.2332542229820778,0.4782289930368906,G042,-39.50867246008583,Centro,D,vegetación secundaria,semicerrado,control
2024-12-18,114.62583870704871,27.736941846344674,0.972503929041494,0.06244601236110871,0.31437165068435075,0.20224402447108503,103.8745398336162,125.37713758048123,0.9758171878485334,0.9691906702344545,0.18707460249616062,0.4416686988725409,GP06,-37.2583129888228,Centro,E,vegetación secundaria,cerrado,intervencion
2024-12-19,101.24671545755297,20.932637576494745,0.9600674792502463,0.0750245019059611,0.3235933675501445,0.23043785269279857,103.51193640157469,98.98149451353127,0.9780684047314848,0.9420665537690076,0.16376338014545055,0.4834233549548384,GP06,-36.087920393361664,Centro,E,vegetación secundaria,cerrado,intervencion
2024-12-20,125.17690670761392,26.878154223875104,0.9872893805607332,0.029972985210858196,0.30074183162496926,0.16715667973649415,106.65417301686928,143.69964039835858,0.984361565520108,0.9902171956013585,0.16500626706069604,0.4364773961892425,GP06,-45.13348180696858,Centro,E,vegetación secundaria,cerrado,intervencion
2024-12-21,123.56125168265577,25.44927298096923,0.9833104718153209,0.03465071263021672,0.32906546427090716,0.1456800746227649,103.19361169339987,143.92889167191166,0.9753714132752767,0.9912495303553653,0.2728415569931045,0.38528937154870985,GP06,-45.848909620619935,Centro,E,vegetación secundaria,cerrado,intervencion
2024-12-22,109.37340053936448,18.645116580533326,0.9835344487645057,0.022091653693790313,0.27887427667310266,0.16422738506277804,98.4829194102307,120.26388166849826,0.9853582894101537,0.9817106081188577,0.16289288220985124,0.39485567113635417,GP06,-44.56921510321639,Centro,E,vegetación secundaria,cerrado,intervencion
2024-12-25,126.76347772993644,33.044145500654295,0.9876872485857099,0.02223439161106055,0.3374453088967497,0.1620374332431796,103.97620230275363,149.55075315711923,0.9888830623404835,0.9864914348309362,0.19215999738945308,0.48273062040404624,GP06,-47.04748421889067,Centro,E,vegetación secundaria,cerrado,intervencion
2024-12-26,130.62976309416328,33.92920019019764,0.9824991718863805,0.03819256667815128,0.3565984850670016,0.16598700641152414,100.90920407986617,160.35032210846043,0.9690315823232106,0.9959667614495503,0.24545335818014577,0.4677436119538574,GP06,-42.08215691101442,Centro,E,vegetación secundaria,cerrado,intervencion
2024-12-18,111.19313736810663,25.77916189653503,0.980904769189448,0.026264729814119734,0.3184188178184976,0.19314290764867773,101.95147916911826,120.43479556709502,0.9925618208967779,0.9692477174821184,0.21016931115650428,0.42666832448049097,GP05,-36.458374079383574,Sur,B,bosque denso,cerrado,control
2024-12-19,97.6477417058923,20.696020280420033,0.966319493932411,0.0465332784337533,0.3578230347840807,0.23713286345841586,101.54097867166563,93.75450474011897,0.9901722340401041,0.9424667538247178,0.2031926172801306,0.5124534522880307,GP05,-32.580001787898546,Sur,B,bosque denso,cerrado,control
2024-12-20,107.77524104963004,29.896959756472704,0.961215151655241,0.04045589732544134,0.3649975045385931,0.1174486512351617,93.08196965375488,122.4685124455052,0.9664916238511264,0.9559386794593556,0.3075131015365807,0.4224819075406055,GP05,-40.747833256079,Sur,B,bosque denso,cerrado,control
2024-12-21,115.48054473686862,26.34914040554994,0.9848782181600676,0.02211201677588632,0.28980856402147753,0.12367405115472342,93.95292337157498,137.00816610216225,0.9825297196283375,0.9872267166917977,0.21474039043409368,0.36487673760886136,GP05,-43.03629838156078,Sur,B,bosque denso,cerrado,control
2024-12-22,96.78285942870706,29.17144733391867,0.931720895518282,0.10643225302120324,0.2232471386686968,0.1410995442635783,107.48765978441752,86.0780590729966,0.9831036671133776,0.8803381239231864,0.22384609310970036,0.22264818422769325,GP05,-39.85045067970494,Sur,B,bosque denso,cerrado,control
2024-12-25,54.384343857738514,15.276683130450236,0.7237530689174343,0.17710306787887412,0.05266068192962533,0.05086101317836168,46.57734114567156,62.19134656980547,0.7133026475580041,0.7342034902768647,0.025661734306344722,0.07965962955290593,GP05,-36.754004115761745,Sur,B,bosque denso,cerrado,control
2024-12-26,57.22961290321206,14.120273011610166,0.7266658527784706,0.16429854235285068,0.04903168303648556,0.04521454040461054,49.575271212612705,64.8839545938114,0.7688095708946969,0.6845221346622443,0.02874908477896734,0.06931428129400379,GP05,-40.82198514232079,Sur,B,bosque denso,cerrado,control
2024-12-18,110.94464479438557,29.035373319192768,0.9737057812215477,0.06219312613223622,0.3271708329072256,0.1992663558264454,105.52013225237279,116.36915733639835,0.9869523383668986,0.9604592240761968,0.21356753814064378,0.44077412767380747,G003,-37.509119316848285,Centro,E,bosque denso,cerrado,control
2024-12-19,81.03816022910361,29.94793366620005,0.8476484421075026,0.2324070055791118,0.26202909273880454,0.21046699898059817,100.40509824200454,61.67122221620267,0.9731913239951475,0.7221055602198575,0.17162772552313635,0.35243045995447275,G003,-26.980564492793818,Centro,E,bosque denso,cerrado,control
2024-12-20,85.81397103642712,48.4628837642671,0.8548112842595378,0.17138282934023422,0.15516614776219895,0.12224425354962987,88.9564266608274,82.67151541202684,0.889962644332322,0.8196599241867534,0.12449085594763286,0.18584143957676505,G003,-42.93523617120353,Centro,E,bosque denso,cerrado,control
2024-12-21,109.18580165919944,28.579566276526023,0.8903505029016062,0.14040206478059508,0.2568205818606032,0.11570460110766935,86.78685097416263,131.58475234423625,0.9057636071826608,0.8749373986205518,0.20991812614011118,0.3037230375810952,G003,-43.27225879093057,Centro,E,bosque denso,cerrado,control
2024-12-22,77.4447533880402,29.390218594986482,0.8750670835862037,0.13876041010902576,0.1584962703559288,0.09126639966057483,85.36231468411535,69.52719209196505,0.9563370178535847,0.7937971493188224,0.1344023027587595,0.18259023795309812,G003,-37.43048496421367,Centro,E,bosque denso,cerrado,control
2024-12-25,38.768570799874226,20.527911608133483,0.7283379323062453,0.1667994601061649,0.014876693905509232,0.01509927573139342,24.512546124426724,53.024595475321725,0.7699346640766325,0.6867412005358582,0.007527793146789898,0.022225594664228562,G003,-42.10521235855236,Centro,E,bosque denso,cerrado,control
2024-12-26,40.28302058797298,16.664965640739354,0.7253660083496071,0.1457081825776296,0.021935276937944975,0.03411217541750938,27.200814697209623,53.365226478736325,0.731863033974783,0.7188689827244312,0.017794985244291493,0.02607556863159846,G003,-40.59456109948448,Centro,E,bosque denso,cerrado,control
2024-12-18,116.7408978770873,28.673819276810296,0.9847550181854249,0.03006339339476152,0.35998456616119373,0.22948624339181295,104.3461733199539,129.13562243422066,0.9960532798945589,0.9734567564762906,0.19030872339303498,0.5296604089293524,G054,-37.76894487350126,Sur,B,pastos,abierto,control
2024-12-19,98.7260055429058,21.61326591469074,0.9658187041212432,0.06677726432934511,0.36263373589947756,0.24706022051779458,103.2547253487596,94.19728573705201,0.9922906183380379,0.9393467899044484,0.17646240885301714,0.5488050629459381,G054,-36.43468070814406,Sur,B,pastos,abierto,control
2024-12-20,121.06178126535444,30.252154449064527,0.9865907124833928,0.03799600835619021,0.3757540285021608,0.2340497228258448,101.52511540156267,140.59844712914622,0.9827315635227781,0.9904498614440075,0.20023470156874634,0.5512733554355752,G054,-42.712704767358005,Sur,B,pastos,abierto,control
2024-12-21,109.09497029031839,29.81055205959837,0.9711945336143154,0.04257631375160849,0.3977598135148828,0.20015400308516304,82.69278756115828,135.49715301947853,0.9712426355981593,0.9711464316304714,0.23781652516978022,0.5577031018599855,G054,-39.89543180686469,Sur,B,pastos,abierto,control
2024-12-22,80.93243949033128,16.678750117413017,0.9453430905864045,0.07730084027874305,0.1866519728712898,0.1914590250025359,74.96168872649676,86.90319025416579,0.9518502970103229,0.9388358841624863,0.10150522357032492,0.2717987221722547,G054,-41.836278465329606,Sur,B,pastos,abierto,control
2024-12-25,75.44176158900622,0.435771930602306,0.8959664783780467,0.001979347115959565,4.024350342386628e-06,2.780107328991273e-06,75.28435746581674,75.59916571219568,0.8953095649700146,0.896623391786079,4.588851974124119e-06,3.459848710649137e-06,G054,-56.938397122239635,Sur,B,pastos,abierto,control
2024-12-26,71.21021606498591,5.867506617430777,0.8697378031948801,0.03222377837339599,0.02474665895156822,0.04748193449846614,74.27307314072085,68.14735898925096,0.8872018763690609,0.8522737300206994,3.419787304525455e-05,0.049459120030091196,G054,-48.211782449719365,Sur,B,pastos,abierto,control
2024-12-18,119.14234791718626,26.623323308859547,0.9801519860154467,0.03845317784829026,0.39135228296114105,0.1952649248684757,112.32726588476952,125.957429949603,0.9817587090281923,0.978545263002701,0.29613172889586975,0.48657283702641224,GP10,-39.33499226379598,Centro,D,pastos,abierto,intervencion
2024-12-19,101.51566791757159,28.172719539864243,0.9048536800536625,0.1757017989664507,0.36727648867456764,0.20374786355579128,117.94222231517261,85.08911351997058,0.9764257600685639,0.8332816000387614,0.36125569636775606,0.3732972809813792,GP10,-30.75976713549999,Centro,D,pastos,abierto,intervencion
2024-12-20,68.05954980279732,17.536509278779253,0.6904875983766945,0.2050622607919187,0.08923088218712548,0.06006003310729739,58.847068971562656,77.27203063403199,0.6302195903390532,0.7507556064143356,0.06481604093663855,0.11364572343761241,GP10,-37.828487652266894,Centro,D,pastos,abierto,intervencion
2024-12-21,56.61751623902646,16.4608722066962,0.7527332002533306,0.2314607322356383,0.06524932325359215,0.045706062406170075,43.87555907296102,69.35947340509189,0.6641625356150113,0.8413038648916499,0.058363860124799244,0.07213478638238506,GP10,-36.06012376015096,Centro,D,pastos,abierto,intervencion
2024-12-22,54.363921196662176,14.115388750189135,0.6071852351496787,0.297710360378374,0.06717241642535128,0.05167642282892769,52.45458194853049,56.273260444793856,0.38197679770478965,0.8323936725945678,0.07148509963344536,0.06285973321725719,GP10,-35.30718417483973,Centro,D,pastos,abierto,intervencion
2024-12-25,47.046951443287156,14.436138519176774,0.4916035191834742,0.2433143443990072,0.04551552984050312,0.04919417932703773,45.92404497628601,48.1698579102883,0.5153428386611237,0.46786419970582466,0.04476235719565491,0.04626870248535133,GP10,-29.453486504101623,Centro,D,pastos,abierto,intervencion
2024-12-26,51.300040530024184,9.518359982297838,0.40386474795413857,0.21943682302107537,0.026426233403287785,0.029248829500757537,50.16878846492828,52.43129259512009,0.44143451807271256,0.3662949778355646,0.03141065534341945,0.021441811463156126,GP10,-41.59604976303256,Centro,D,pastos,abierto,intervencion
2024-12-18,78.70194416905255,16.99167398809247,0.9633843316200847,0.04408868058565132,0.39539209336434517,0.18443766254115754,72.30525714856155,85.09863118954357,0.9543044529982171,0.9724642102419523,0.29780072349442677,0.4929834632342636,G063,-29.08382337558077,Norte,J,pastos,abierto,intervencion
2024-12-19,72.85215162661787,15.581203376090333,0.9412787188610657,0.0489479066513426,0.33913520826541105,0.19795692583603008,69.32307370058976,76.38122955264596,0.9261268226245654,0.956430615097566,0.22945221344367553,0.44881820308714654,G063,-30.80816275905818,Norte,J,pastos,abierto,intervencion
2024-12-20,76.47763063793744,13.968704487007843,0.9669161629580659,0.03292932480806667,0.2562211903860783,0.12285429114858064,67.05994712929423,85.89531414658065,0.9580430308588809,0.9757892950572509,0.19090520131075092,0.3215371794614057,G063,-31.710783599291013,Norte,J,pastos,abierto,intervencion
2024-12-21,65.14082251950428,17.796559383840123,0.8887632370114597,0.13185588242424875,0.1915041193322943,0.07075974058149363,55.44805720917454,74.83358782983403,0.8273822779804153,0.9501441960425039,0.1583130258423748,0.22469521282221386,G063,-31.522022525801457,Norte,J,pastos,abierto,intervencion
2024-12-22,62.68001360429443,14.290858383091228,0.9028287627437422,0.10204915876322761,0.16552777727222714,0.11914749607973427,57.5445382060144,67.81548900257445,0.8389017857782225,0.966755739709262,0.11141040973922416,0.21964514480523015,G063,-33.48788084074848,Norte,J,pastos,abierto,intervencion
2024-12-25,30.85052860408602,22.625155476949043,0.5643899956539303,0.2710979575957629,0.0693965892738571,0.1042231742422554,18.86519233456747,42.83586487360457,0.5989101552553123,0.5298698360525482,0.007728318694167096,0.13106485985354713,G063,-27.587238287231525,Norte,J,pastos,abierto,intervencion
2024-12-26,61.97734862374841,9.37809027656266,0.8751581231444145,0.14865976147864288,0.18362052626993927,0.09442859181980501,55.97222636824401,67.98247087925282,0.878979207679481,0.8713370386093481,0.1297271002447096,0.23751395229516892,G063,-32.719121020914514,Norte,J,pastos,abierto,intervencion
2024-12-18,64.78465789184989,34.11203214015802,0.6965656006223319,0.2740374758091854,0.1767587357902192,0.25111757246455985,56.14685428831618,73.42246149538359,0.6645252674319407,0.7286059338127228,0.057662785517641396,0.295854686062797,GP09,-35.14790394978404,Centro,F,pastos,abierto,intervencion
2024-12-19,87.16608068971077,27.007533560218942,0.9047798687138964,0.09244173115276104,0.28482944111279224,0.25123065443092557,77.58900352270584,96.7431578567157,0.902093844464559,0.9074658929632338,0.1121818796578668,0.45747700256771767,GP09,-33.66294060106513,Centro,F,pastos,abierto,intervencion
2024-12-20,115.3828963396756,27.49198079043119,0.9601528982705968,0.058084586473344135,0.3392809043155895,0.26418593116671174,92.27731992812438,138.4884727512268,0.9315070235407711,0.9887987730004224,0.14436652136758857,0.5341952872635903,GP09,-41.498300288217,Centro,F,pastos,abierto,intervencion
2024-12-21,117.79161692506547,28.268901848805395,0.9767756259269195,0.03571068839064083,0.3912390912791126,0.23548252639697814,93.99591231399187,141.5873215361391,0.9647077026531977,0.9888435492006411,0.23091023010980316,0.5515679524484219,GP09,-43.047762644053904,Centro,F,pastos,abierto,intervencion
2024-12-22,113.23066079301361,26.816330394463453,0.9705131572359367,0.03838869200445419,0.3592693425937823,0.21510650882704963,92.82637694052306,133.6349446455042,0.9571348618772252,0.9838914525946482,0.2164029023687508,0.5021357828188138,GP09,-36.62855849228845,Centro,F,pastos,abierto,intervencion
2024-12-25,120.3532276183143,30.346766793861054,0.9790007624684748,0.025373675993801196,0.40733166707019425,0.28358598441521216,100.9803930062997,139.7260622303289,0.9813171555421603,0.9766843693947894,0.1645915586683996,0.6500717754719889,GP09,-46.239898797815215,Centro,F,pastos,abierto,intervencion
2024-12-26,123.90289153947953,28.135330209971887,0.9768209899373302,0.10467876474346816,0.4511159978742689,0.26864066543711745,99.83586133302379,147.96992174593524,0.9556549437968314,0.9979870360778289,0.2423890612257741,0.6598429345227638,GP09,-42.11012753195568,Centro,F,pastos,abierto,intervencion
2024-12-18,118.52187438340133,28.90847492244506,0.987837541799596,0.021775713489208405,0.3962191610937609,0.17522387400581765,103.37467307649722,133.66907569030545,0.9936056863166306,0.9820693972825613,0.2790520218481798,0.513386300339342,G021,-42.760574049649975,Centro,D,bosque denso,cerrado,intervencion
2024-12-19,103.82068010610895,18.999511554394747,0.9791523134443992,0.039405315377434136,0.38652959984336716,0.2264847475898131,101.1854071237572,106.4559530884607,0.9887055448988066,0.9695990819899917,0.228840257255412,0.5442189424313224,G021,-38.37918657057139,Centro,D,bosque denso,cerrado,intervencion
2024-12-20,123.03462416893966,31.94420960946352,0.9830665690564108,0.043864427044683484,0.3345458464188453,0.15334722812922724,97.62891869355116,148.44032964432813,0.9744572342422643,0.9916759038705574,0.21851020516975692,0.45058148766793377,G021,-46.64241851757665,Centro,D,bosque denso,cerrado,intervencion
2024-12-21,125.03533385921743,31.448620963592077,0.9866382410715185,0.028574926421455326,0.3713464543907446,0.14875360814428684,99.31180692616867,150.7588607922662,0.9796713291990159,0.9936051529440212,0.32008954234141,0.4226033664400793,G021,-45.464519171077555,Centro,D,bosque denso,cerrado,intervencion
2024-12-22,114.44562554333076,24.582569233880786,0.9881974498463889,0.019832101745700166,0.35393542130468486,0.15787009949456485,98.01344432209282,130.8778067645687,0.9903047286465604,0.9860901710462174,0.24781676262466013,0.46005407998470965,G021,-45.38017278941062,Centro,D,bosque denso,cerrado,intervencion
2024-12-25,125.82750888370317,33.265835754002495,0.9909827162517062,0.015455886758705755,0.3652272384929802,0.13616857549292583,101.26638108777871,150.38863667962764,0.9907460224891795,0.9912194100142329,0.25204615452747786,0.4784083224584825,G021,-47.561818289259065,Centro,D,bosque denso,cerrado,intervencion
2024-12-26,127.92773785494266,32.59418646679572,0.9893076827898871,0.02221237696850476,0.3707985054036281,0.13515363769171296,99.84087624574774,156.01459946413758,0.9861811228348656,0.9924342427449088,0.2955258183379848,0.44607119246927146,G021,-43.010273257535694,Centro,D,bosque denso,cerrado,intervencion
2024-12-18,91.97588044207698,20.393856268281798,0.9667811829849843,0.04663125728722056,0.3643815786291773,0.20250060513143686,85.81290333473576,98.1388575494182,0.9669852448610116,0.966577121108957,0.279750292156909,0.4490128651014456,G028,-30.20607903335552,Norte,J,vegetación secundaria,semicerrado,control
2024-12-19,85.74282463477425,15.828268340427167,0.9689292556222631,0.03930775871490099,0.3717278936062287,0.23916095156764175,84.4883284768524,86.9973207926961,0.9768548164056159,0.9610036948389101,0.2510006975055001,0.49245508970695734,G028,-29.754445005067932,Norte,J,vegetación secundaria,semicerrado,control
2024-12-20,98.44660139206502,19.71250221166887,0.9795829129177198,0.02346242547820666,0.32019261570810303,0.1747833372148455,88.32173706884974,108.5714657152803,0.9745096426278367,0.984656183207603,0.2776318138381992,0.3627534175780069,G028,-29.93870368825819,Norte,J,vegetación secundaria,semicerrado,control
